{
  "population_uf": {
    "AC": 0.4104404325759717,
    "AL": 1.5597620671783858,
    "AP": 0.40842903315357276,
    "AM": 1.9628661507273573,
    "BA": 7.075702005041781,
    "CE": 4.3033513679352025,
    "DF": 1.4732085994836643,
    "ES": 2.046817178447517,
    "GO": 3.335977146146546,
    "MA": 3.31103616561781,
    "MT": 1.6410543431863378,
    "MS": 1.3098212561665947,
    "MG": 10.377394145300283,
    "PA": 4.500728662250495,
    "PB": 1.8857362894426668,
    "PR": 5.359779112415601,
    "PE": 4.4754432958882155,
    "PI": 1.5425204369606549,
    "RJ": 8.081985775999456,
    "RN": 1.7055606021266114,
    "RS": 5.294810724917613,
    "RO": 0.8485499399458587,
    "RR": 0.30376366293203033,
    "SC": 3.431703842442588,
    "SP": 21.542419634296404,
    "SE": 1.0791479017690417,
    "TO": 0.731990227651741
  }
}
